time_us,pos_x,pos_y,pos_z,quat_w,quat_x,quat_y,quat_z,omega_x,omega_y,omega_z,omega_dot_x,omega_dot_y,omega_dot_z
0.000000,-0.592495,0.013473,0.080251,0.674152,0.002947,-0.004175,0.738575,-0.005428,-0.007784,-0.007100,0.000136,0.000377,0.000301
10000.000000,-0.592481,0.013424,0.080192,0.674179,0.002900,-0.004181,0.738551,-0.005426,-0.007780,-0.007097,0.049934,0.121120,0.098576
20000.000000,-0.592467,0.013376,0.080133,0.674205,0.002853,-0.004188,0.738527,-0.004429,-0.005362,-0.005128,0.099953,0.241635,0.197793
30000.000000,-0.592458,0.013345,0.080095,0.674216,0.002830,-0.004185,0.738517,-0.003427,-0.002948,-0.003141,0.352609,0.082951,1.235372
40000.000000,-0.592449,0.013314,0.080057,0.674228,0.002808,-0.004182,0.738506,0.002623,-0.003703,0.019579,0.604584,-0.075469,2.270617
50000.000000,-0.592397,0.013284,0.080012,0.674072,0.002821,-0.004229,0.738649,0.008664,-0.004457,0.042271,0.063225,0.061482,0.793148
60000.000000,-0.592344,0.013255,0.079967,0.673915,0.002835,-0.004275,0.738791,0.003888,-0.002473,0.035442,-0.477470,0.198433,-0.684518
70000.000000,-0.592329,0.013292,0.080020,0.673809,0.002831,-0.004273,0.738887,-0.000885,-0.000488,0.028581,-0.230641,0.106977,-0.811051
80000.000000,-0.592314,0.013329,0.080072,0.673704,0.002827,-0.004271,0.738984,-0.000725,-0.000333,0.019221,0.014021,0.017408,-0.937129
90000.000000,-0.592304,0.013353,0.080106,0.673667,0.002824,-0.004270,0.739017,-0.000605,-0.000140,0.009838,-0.475917,0.500568,-1.225950
100000.000000,-0.592295,0.013377,0.080139,0.673631,0.002822,-0.004267,0.739050,-0.010244,0.009678,-0.005298,-0.961595,0.979271,-1.510022
110000.000000,-0.592280,0.013363,0.080102,0.673707,0.002827,-0.004129,0.738981,-0.019836,0.019445,-0.020362,-0.301595,0.186739,-0.434531
120000.000000,-0.592266,0.013349,0.080066,0.673783,0.002831,-0.003990,0.738913,-0.016275,0.013413,-0.013989,0.356241,-0.604023,0.638103
130000.000000,-0.592257,0.013341,0.080042,0.673812,0.002815,-0.003919,0.738887,-0.012712,0.007365,-0.007600,0.631472,-1.490742,1.524747
140000.000000,-0.592248,0.013332,0.080019,0.673840,0.002800,-0.003847,0.738862,-0.003646,-0.016402,0.016506,0.904604,-2.370745,2.399211
150000.000000,-0.592270,0.013355,0.080081,0.673689,0.002670,-0.004002,0.738999,0.005380,-0.040050,0.040384,0.010721,-0.072302,-1.207023
160000.000000,-0.592292,0.013377,0.080143,0.673540,0.002542,-0.004156,0.739135,-0.003432,-0.017848,-0.007634,-0.879201,2.215097,-4.788080
170000.000000,-0.592312,0.013404,0.080166,0.673745,0.002515,-0.004097,0.738948,-0.012204,0.004252,-0.055377,-0.327950,1.038996,-1.537473
180000.000000,-0.592333,0.013431,0.080189,0.673949,0.002488,-0.004038,0.738762,-0.009991,0.002932,-0.038384,0.222235,-0.131595,1.696045
190000.000000,-0.592346,0.013448,0.080204,0.674029,0.002468,-0.004004,0.738690,-0.007759,0.001620,-0.021457,1.163828,-0.056625,1.083524
200000.000000,-0.592359,0.013464,0.080218,0.674108,0.002447,-0.003970,0.738618,0.013286,0.001799,-0.016713,2.102600,0.018011,0.474253
210000.000000,-0.592384,0.013431,0.080196,0.674152,0.002570,-0.004091,0.738577,0.034293,0.001980,-0.011971,0.739963,-0.021734,0.427171
220000.000000,-0.592409,0.013398,0.080174,0.674196,0.002693,-0.004211,0.738536,0.028085,0.001365,-0.008170,-0.624722,-0.056630,0.375043
230000.000000,-0.592425,0.013377,0.080160,0.674212,0.002769,-0.004289,0.738520,0.021799,0.000848,-0.004471,-1.384531,1.195435,-1.013987
240000.000000,-0.592441,0.013356,0.080146,0.674228,0.002846,-0.004366,0.738505,0.000395,0.025273,-0.028449,-2.134720,2.434748,-2.388778
250000.000000,-0.592546,0.013523,0.080325,0.674423,0.002957,-0.004122,0.738328,-0.020896,0.049543,-0.052246,-0.696872,-0.168307,0.961500
260000.000000,-0.592650,0.013689,0.080502,0.674617,0.003068,-0.003879,0.738152,-0.013543,0.021907,-0.009219,0.734261,-2.760315,4.296161
270000.000000,-0.592651,0.013695,0.080511,0.674492,0.003027,-0.003875,0.738266,-0.006211,-0.005664,0.033677,0.423589,-1.290268,1.596878
280000.000000,-0.592653,0.013700,0.080519,0.674368,0.002986,-0.003871,0.738379,-0.005071,-0.003898,0.022718,0.113467,0.175281,-1.092804
290000.000000,-0.592653,0.013703,0.080524,0.674324,0.002965,-0.003863,0.738419,-0.003941,-0.002158,0.011821,-0.132723,-0.704163,0.190134
300000.000000,-0.592653,0.013706,0.080528,0.674281,0.002944,-0.003856,0.738459,-0.007725,-0.017981,0.026521,-0.377409,-1.579066,1.466143
310000.000000,-0.592574,0.013637,0.080453,0.674128,0.002781,-0.003926,0.738599,-0.011489,-0.033739,0.041144,-0.080671,-0.262377,0.061381
320000.000000,-0.592496,0.013568,0.080378,0.673976,0.002619,-0.003997,0.738738,-0.009339,-0.023229,0.027748,0.214762,1.048322,-1.337532
330000.000000,-0.592446,0.013524,0.080330,0.673923,0.002548,-0.004013,0.738787,-0.007194,-0.012773,0.014393,0.528825,0.256147,-1.548563
340000.000000,-0.592396,0.013480,0.080282,0.673869,0.002477,-0.004030,0.738835,0.001238,-0.018106,-0.003223,0.841168,-0.529691,-1.757999
350000.000000,-0.592417,0.013468,0.080256,0.673946,0.002422,-0.004145,0.738765,0.009629,-0.023367,-0.020767,0.083379,0.555963,-0.253510
360000.000000,-0.592438,0.013456,0.080230,0.674021,0.002368,-0.004259,0.738696,0.002905,-0.006987,-0.008293,-0.670802,1.634047,1.244533
370000.000000,-0.592441,0.013497,0.080283,0.674006,0.002390,-0.004213,0.738710,-0.003787,0.009314,0.004124,-0.300988,0.670383,0.551962
380000.000000,-0.592444,0.013537,0.080335,0.673991,0.002411,-0.004168,0.738723,-0.003115,0.006421,0.002746,0.069223,-0.287801,-0.135074
390000.000000,-0.592446,0.013563,0.080368,0.673987,0.002416,-0.004147,0.738728,-0.002402,0.003558,0.001422,0.571413,0.090068,0.538927
400000.000000,-0.592448,0.013588,0.080401,0.673981,0.002422,-0.004126,0.738733,0.008314,0.008222,0.013525,1.069102,0.465021,1.207111
410000.000000,-0.592425,0.013517,0.080342,0.673887,0.002534,-0.004153,0.738819,0.018980,0.012859,0.025565,0.360542,0.032381,0.210280
420000.000000,-0.592402,0.013445,0.080283,0.673792,0.002646,-0.004179,0.738904,0.015525,0.008870,0.017730,-0.345664,-0.401324,-0.781314
430000.000000,-0.592387,0.013400,0.080245,0.673756,0.002705,-0.004207,0.738937,0.012066,0.004832,0.009938,-0.486984,-1.983909,0.486419
440000.000000,-0.592373,0.013354,0.080207,0.673719,0.002763,-0.004235,0.738971,0.005785,-0.030808,0.027459,-0.627693,-3.558023,1.747680
450000.000000,-0.592285,0.013269,0.080067,0.673551,0.002517,-0.004457,0.739123,-0.000487,-0.066328,0.044892,-0.903747,0.514192,-1.301084
460000.000000,-0.592197,0.013183,0.079927,0.673384,0.002271,-0.004677,0.739275,-0.012290,-0.020524,0.001437,-1.179040,4.575401,-4.339807
470000.000000,-0.592220,0.013303,0.080048,0.673540,0.002283,-0.004504,0.739134,-0.024068,0.025180,-0.041904,-0.371268,1.893517,-1.542846
480000.000000,-0.592243,0.013421,0.080169,0.673695,0.002294,-0.004331,0.738993,-0.019715,0.017346,-0.029420,0.435435,-0.781423,1.246834
490000.000000,-0.592258,0.013497,0.080245,0.673759,0.002277,-0.004242,0.738936,-0.015360,0.009551,-0.016968,1.548711,-0.218253,1.757340
500000.000000,-0.592273,0.013573,0.080322,0.673822,0.002260,-0.004153,0.738879,0.011259,0.012981,0.005727,2.659881,0.342200,2.267498
510000.000000,-0.592255,0.013452,0.080198,0.673717,0.002449,-0.004238,0.738974,0.037838,0.016395,0.028382,0.985055,-0.083571,0.693358
520000.000000,-0.592237,0.013331,0.080075,0.673612,0.002637,-0.004322,0.739068,0.030960,0.011309,0.019594,-0.688958,-0.505839,-0.886474
530000.000000,-0.592226,0.013254,0.079996,0.673571,0.002742,-0.004390,0.739104,0.024059,0.006278,0.010653,-0.795084,0.298468,-2.596404
540000.000000,-0.592215,0.013177,0.079917,0.673533,0.002846,-0.004457,0.739139,0.015058,0.017279,-0.032334,-0.898060,1.097233,-4.288761
550000.000000,-0.592243,0.013108,0.079829,0.673811,0.002969,-0.004386,0.738885,0.006098,0.028223,-0.075122,-1.010305,-0.991359,0.708066
560000.000000,-0.592270,0.013039,0.079742,0.674089,0.003092,-0.004314,0.738631,-0.005148,-0.002548,-0.018173,-1.123905,-3.074371,5.691029
570000.000000,-0.592306,0.013102,0.079856,0.673945,0.002915,-0.004365,0.738763,-0.016380,-0.033264,0.038698,-0.409639,-1.017974,2.217682
580000.000000,-0.592342,0.013165,0.079969,0.673802,0.002738,-0.004416,0.738894,-0.013341,-0.022908,0.026181,0.303860,1.036874,-1.251682
590000.000000,-0.592365,0.013206,0.080042,0.673751,0.002657,-0.004420,0.738940,-0.010303,-0.012527,0.013665,0.670725,2.852838,-2.313794
600000.000000,-0.592388,0.013247,0.080114,0.673701,0.002577,-0.004424,0.738987,0.000074,0.034149,-0.020095,1.037827,4.662054,-3.372214
610000.000000,-0.592433,0.013241,0.080070,0.673901,0.002909,-0.004191,0.738804,0.010453,0.080714,-0.053780,0.418327,1.074799,-0.852032
620000.000000,-0.592477,0.013236,0.080026,0.674101,0.003241,-0.003959,0.738622,0.008440,0.055645,-0.037136,-0.202872,-2.505461,1.669604
630000.000000,-0.592506,0.013233,0.079997,0.674177,0.003375,-0.003880,0.738552,0.006396,0.030605,-0.020388,-0.631409,-1.730396,5.018321
640000.000000,-0.592534,0.013230,0.079970,0.674252,0.003510,-0.003801,0.738483,-0.004188,0.021037,0.063231,-1.056485,-0.958570,8.355199
650000.000000,-0.592905,0.013464,0.080124,0.673711,0.003505,-0.003705,0.738977,-0.014734,0.011434,0.146716,-0.068068,-1.331201,4.135746
660000.000000,-0.593276,0.013699,0.080279,0.673169,0.003500,-0.003610,0.739471,-0.005549,-0.005587,0.145946,0.917930,-1.698200,-0.086816
670000.000000,-0.593641,0.013913,0.080332,0.672632,0.003432,-0.003696,0.739960,0.003625,-0.022530,0.144980,0.427663,-0.496522,-2.323444
680000.000000,-0.594006,0.014127,0.080386,0.672095,0.003363,-0.003783,0.740447,0.003004,-0.015518,0.099477,-0.062552,0.698741,-4.540568
690000.000000,-0.594236,0.014262,0.080419,0.671895,0.003341,-0.003820,0.740629,0.002374,-0.008556,0.054169,0.020587,-0.364850,-2.323676
700000.000000,-0.594466,0.014397,0.080453,0.671694,0.003318,-0.003856,0.740811,0.003416,-0.022815,0.053003,0.104437,-1.424029,-0.117495
710000.000000,-0.594573,0.014376,0.080381,0.671501,0.003197,-0.003996,0.740986,0.004462,-0.037036,0.051819,0.015069,-0.136600,-0.857868
720000.000000,-0.594680,0.014354,0.080308,0.671308,0.003075,-0.004136,0.741160,0.003717,-0.025547,0.035846,-0.077266,1.151408,-1.602186
730000.000000,-0.594745,0.014340,0.080262,0.671234,0.003034,-0.004194,0.741227,0.002917,-0.014008,0.019775,-0.621265,1.356072,-2.257715
740000.000000,-0.594810,0.014325,0.080216,0.671161,0.002992,-0.004251,0.741293,-0.008708,0.001575,-0.009308,-1.159373,1.555466,-2.900273
750000.000000,-0.594913,0.014472,0.080333,0.671303,0.002987,-0.004119,0.741165,-0.020270,0.017101,-0.038230,-0.049536,1.201403,0.138311
760000.000000,-0.595016,0.014619,0.080450,0.671446,0.002981,-0.003987,0.741037,-0.009699,0.025603,-0.006542,1.056039,0.847567,3.164955
770000.000000,-0.595003,0.014593,0.080397,0.671353,0.003111,-0.003876,0.741121,0.000850,0.034053,0.025069,0.516898,-0.107014,1.171557
780000.000000,-0.594991,0.014568,0.080344,0.671261,0.003240,-0.003764,0.741204,0.000639,0.023463,0.016889,-0.017041,-1.061695,-0.808026
790000.000000,-0.594980,0.014550,0.080310,0.671229,0.003290,-0.003723,0.741233,0.000510,0.012819,0.008908,0.871919,-1.649330,1.468548
800000.000000,-0.594969,0.014532,0.080276,0.671196,0.003339,-0.003682,0.741264,0.018077,-0.009524,0.046260,1.752936,-2.229062,3.724541
810000.000000,-0.594924,0.014319,0.080125,0.670885,0.003342,-0.003919,0.741543,0.035568,-0.031762,0.083399,0.555434,-0.618909,0.574448
820000.000000,-0.594878,0.014107,0.079973,0.670575,0.003345,-0.004156,0.741823,0.029186,-0.021902,0.057749,-0.639832,0.991440,-2.562802
830000.000000,-0.594846,0.013970,0.079877,0.670455,0.003378,-0.004280,0.741930,0.022772,-0.011934,0.032143,-1.388408,4.162605,-1.445408
840000.000000,-0.594815,0.013834,0.079781,0.670335,0.003411,-0.004404,0.742038,0.001418,0.061350,0.028841,-2.145555,7.420725,-0.357860
850000.000000,-0.594866,0.013972,0.079934,0.670243,0.003844,-0.003879,0.742121,-0.020139,0.136481,0.024986,-4.223417,31.438582,-8.265076
860000.000000,-0.594916,0.014110,0.080089,0.670155,0.004290,-0.003339,0.742201,-0.083050,0.690122,-0.136461,-6.181617,55.168962,-16.051494
870000.000000,-0.594754,0.014408,0.080396,0.671252,0.008410,0.001349,0.741153,-0.143772,1.239860,-0.296044,-1.785240,8.205408,-3.348492
880000.000000,-0.594592,0.014705,0.080703,0.672345,0.012518,0.006025,0.740107,-0.118755,0.854230,-0.203431,2.400056,-38.382690,9.213020
890000.000000,-0.594488,0.014893,0.080898,0.672747,0.013942,0.007953,0.739694,-0.095771,0.472206,-0.111784,-9.417500,31.534472,7.693140
900000.000000,-0.594383,0.015082,0.081094,0.673148,0.015376,0.009895,0.739282,-0.307105,1.484919,-0.049568,-21.133214,101.128536,6.528276
910000.000000,-0.594196,0.015794,0.081684,0.672885,0.022853,0.020212,0.739007,-0.518435,2.494777,0.018782,-6.061670,11.764707,3.468065
920000.000000,-0.594010,0.016506,0.082274,0.672623,0.030322,0.030521,0.738733,-0.428339,1.720213,0.019794,8.980313,-77.343667,-0.132921
930000.000000,-0.593890,0.016956,0.082648,0.672454,0.032679,0.034956,0.738573,-0.338829,0.947904,0.016123,-13.146873,-8.059404,4.778581
940000.000000,-0.593771,0.017409,0.083022,0.672283,0.035039,0.039403,0.738413,-0.691276,1.559025,0.115365,-35.393986,61.220494,10.399872
950000.000000,-0.593556,0.018787,0.083798,0.671113,0.039489,0.050591,0.738473,-1.046708,2.172313,0.224121,-45.016290,76.138033,4.340196
960000.000000,-0.593343,0.020169,0.084577,0.669941,0.043945,0.061803,0.738529,-1.591602,3.081786,0.202169,-54.502381,90.851421,-0.633091
970000.000000,-0.593817,0.023390,0.086779,0.668053,0.051433,0.083075,0.737322,-2.136756,3.989342,0.211459,-8.301769,-16.467867,-0.487763
980000.000000,-0.594290,0.026610,0.088980,0.666166,0.058916,0.104339,0.736115,-1.757637,2.752429,0.192414,38.012174,-123.565520,-3.503742
990000.000000,-0.594592,0.028651,0.090375,0.665191,0.059831,0.114480,0.735344,-1.376512,1.518032,0.141384,-4.296857,17.011343,1.481148
1000000.000000,-0.594894,0.030697,0.091774,0.664211,0.060761,0.124646,0.734570,-1.843574,3.092655,0.222037,-46.973457,157.328715,10.230494
1010000.000000,-0.595747,0.035395,0.095265,0.660282,0.069952,0.148676,0.732357,-2.315982,4.664606,0.345994,-3.138541,6.227274,3.753074
1020000.000000,-0.596599,0.040089,0.098753,0.656358,0.079129,0.172681,0.730146,-1.906345,3.217201,0.297098,41.224398,-144.404450,-7.082388
1030000.000000,-0.597139,0.043056,0.100959,0.654573,0.080507,0.183994,0.728741,-1.491494,1.776517,0.204346,17.102028,8.952743,-47.075751
1040000.000000,-0.597681,0.046035,0.103176,0.652798,0.081936,0.195346,0.727307,-1.564305,3.396256,-0.644417,-5.319820,161.029312,-83.364270
1050000.000000,-0.598721,0.052462,0.108309,0.653411,0.096257,0.216724,0.718384,-1.597890,4.997103,-1.462939,23.847689,101.977465,-26.875882
1060000.000000,-0.599762,0.058893,0.113447,0.654018,0.110586,0.238100,0.709463,-1.087351,5.435805,-1.181934,50.551123,44.288080,26.947968
1070000.000000,-0.601782,0.069014,0.121560,0.650031,0.130536,0.258696,0.701854,-0.586868,5.882865,-0.923980,30.453814,-68.658823,28.036296
1080000.000000,-0.603803,0.079136,0.129672,0.646044,0.150486,0.279291,0.694246,-0.478275,4.062629,-0.621208,9.744517,-181.754891,29.606091
1090000.000000,-0.605082,0.085528,0.134800,0.644270,0.157450,0.287620,0.690846,-0.391977,2.247767,-0.331858,19.947381,-38.213485,5.536056
1100000.000000,-0.606366,0.091938,0.139941,0.642487,0.164445,0.295960,0.687439,-0.079327,3.298359,-0.510487,31.772092,104.824119,-18.296966
1110000.000000,-0.608893,0.103182,0.149101,0.637942,0.181123,0.308370,0.681649,0.243465,4.344249,-0.697797,13.922349,-15.055483,1.025376
1120000.000000,-0.611418,0.114418,0.158253,0.633403,0.197779,0.320763,0.675866,0.199120,2.997249,-0.489980,-5.022826,-134.381544,20.908743
1130000.000000,-0.613010,0.121482,0.164011,0.631509,0.204246,0.325218,0.673530,0.143008,1.656618,-0.279622,8.135922,-18.636530,-2.492685
1140000.000000,-0.614609,0.128571,0.169791,0.629605,0.210750,0.329690,0.671180,0.361839,2.624519,-0.539834,22.455060,96.704388,-26.436679
1150000.000000,-0.617627,0.141315,0.180570,0.625557,0.225922,0.338041,0.665595,0.592109,3.590706,-0.808356,25.972922,62.576327,-14.409035
1160000.000000,-0.620646,0.154063,0.191352,0.621508,0.241097,0.346391,0.660010,0.881297,3.876045,-0.828014,29.034034,28.382081,-2.605182
1170000.000000,-0.624654,0.170035,0.205639,0.615423,0.259860,0.354250,0.654026,1.172790,4.158348,-0.860460,3.914813,-50.705477,10.200640
1180000.000000,-0.628656,0.185981,0.219903,0.609352,0.278578,0.362084,0.648058,0.959593,2.861936,-0.624001,-21.987446,-129.471190,24.516630
1190000.000000,-0.631163,0.195942,0.228828,0.606645,0.286536,0.363943,0.646023,0.733041,1.568924,-0.370127,4.118101,-25.205096,10.724002
1200000.000000,-0.633674,0.205910,0.237764,0.603932,0.294509,0.365806,0.643984,1.041955,2.357834,-0.409521,31.026377,78.687538,-4.686568
1210000.000000,-0.637848,0.219982,0.251982,0.597496,0.309494,0.370154,0.640234,1.353569,3.142675,-0.463858,3.194881,-9.663325,3.130894
1220000.000000,-0.642014,0.234031,0.266178,0.591076,0.324442,0.374485,0.636496,1.105853,2.164567,-0.346904,-24.944526,-97.534305,12.492261
1230000.000000,-0.644616,0.242748,0.275025,0.588117,0.331130,0.374914,0.635497,0.854678,1.191989,-0.214013,3.641424,-9.479061,11.123089
1240000.000000,-0.647226,0.251484,0.283895,0.585136,0.337847,0.375355,0.634493,1.178681,1.974986,-0.124442,32.303754,78.098470,8.168905
1250000.000000,-0.651508,0.264393,0.298160,0.577450,0.350987,0.378473,0.632353,1.500753,2.753958,-0.050635,20.669286,38.005365,10.464238
1260000.000000,-0.655791,0.277304,0.312427,0.569763,0.364126,0.381592,0.630214,1.592067,2.735093,0.084843,8.877771,-2.177639,13.414602
1270000.000000,-0.660734,0.292115,0.329370,0.560694,0.376954,0.384330,0.628938,1.678309,2.710405,0.217657,-11.241315,-43.357577,1.789308
1280000.000000,-0.665670,0.306901,0.346286,0.551646,0.389753,0.387055,0.627668,1.367241,1.867942,0.120629,-30.904125,-83.936707,-8.831967
1290000.000000,-0.668734,0.316013,0.356775,0.547426,0.395811,0.386630,0.627790,1.060226,1.031671,0.041018,-15.441486,-8.724922,-8.647101
1300000.000000,-0.671799,0.325129,0.367268,0.543203,0.401876,0.386209,0.627908,1.058411,1.693443,-0.052313,-0.100705,66.106291,-9.672142
1310000.000000,-0.675422,0.336709,0.380713,0.536915,0.412373,0.388912,0.624701,1.058212,2.353797,-0.152425,-9.703989,-3.497824,-3.508027
1320000.000000,-0.679042,0.348281,0.394147,0.530635,0.422858,0.391609,0.621498,0.864331,1.623487,-0.122473,-19.423596,-72.819466,3.439130
1330000.000000,-0.681263,0.355331,0.402397,0.527711,0.427562,0.391713,0.620678,0.669740,0.897408,-0.083642,-5.902979,4.180556,-3.903941
1340000.000000,-0.683485,0.362393,0.410660,0.524775,0.432290,0.391830,0.619842,0.746272,1.707098,-0.200552,7.818771,80.888407,-12.019438
1350000.000000,-0.686304,0.372464,0.422273,0.518975,0.442810,0.395097,0.615065,0.826115,2.515176,-0.324031,3.170035,48.928881,-2.094998
1360000.000000,-0.689124,0.382539,0.433889,0.513170,0.453331,0.398368,0.610286,0.809672,2.685676,-0.242452,-1.759294,16.799475,8.104944
1370000.000000,-0.692266,0.393699,0.446495,0.506071,0.464297,0.402823,0.604841,0.790930,2.851165,-0.161932,-8.274429,-36.041827,5.666224
1380000.000000,-0.695403,0.404839,0.459079,0.498989,0.475237,0.407264,0.599413,0.644184,1.964839,-0.129128,-14.741602,-88.437968,3.697330
1390000.000000,-0.697305,0.411583,0.466740,0.495853,0.479879,0.408252,0.597612,0.496098,1.082406,-0.087986,-13.009909,-18.693042,0.088080
1400000.000000,-0.699207,0.418328,0.474403,0.492715,0.484525,0.409244,0.595807,0.383986,1.590978,-0.127366,-11.151338,50.693652,-3.935490
1410000.000000,-0.701456,0.426538,0.482986,0.488200,0.491738,0.413151,0.590803,0.273071,2.096279,-0.166696,-8.135822,-7.321117,0.266490
1420000.000000,-0.703702,0.434734,0.491554,0.483696,0.498933,0.417046,0.585813,0.221269,1.444556,-0.122036,-5.255210,-64.978251,4.542966
1430000.000000,-0.705033,0.439593,0.496644,0.481830,0.501818,0.418282,0.583987,0.167967,0.796714,-0.075836,-5.971951,-16.151960,-3.019358
1440000.000000,-0.706364,0.444460,0.501738,0.479963,0.504712,0.419524,0.582152,0.101830,1.121517,-0.182423,-6.517847,32.408546,-10.623366
1450000.000000,-0.707803,0.451010,0.507736,0.477650,0.509586,0.422131,0.577861,0.037610,1.444885,-0.288304,-10.740907,13.282908,-13.136284
1460000.000000,-0.709241,0.457560,0.513733,0.475338,0.514459,0.424739,0.573570,-0.112988,1.387175,-0.445149,-14.947767,-5.899712,-15.537176
1470000.000000,-0.710549,0.464362,0.519261,0.474883,0.518894,0.427081,0.568140,-0.261346,1.326891,-0.599047,-5.055483,-23.807413,1.608392
1480000.000000,-0.711854,0.471151,0.524778,0.474431,0.523315,0.429417,0.562723,-0.214098,0.911026,-0.412981,4.545829,-41.467843,18.501644
1490000.000000,-0.712584,0.475089,0.527910,0.474449,0.524798,0.430474,0.560508,-0.170429,0.497534,-0.229014,-2.168141,-15.547748,4.066840
1500000.000000,-0.713314,0.479027,0.531042,0.474467,0.526281,0.431531,0.558292,-0.257460,0.600072,-0.331644,-8.711366,10.281529,-10.285141
1510000.000000,-0.714050,0.483476,0.533892,0.475057,0.528351,0.433006,0.554664,-0.344656,0.703164,-0.434717,-1.285247,-5.769143,1.565506
1520000.000000,-0.714785,0.487929,0.536737,0.475654,0.530427,0.434486,0.551019,-0.283165,0.484689,-0.300334,6.130124,-21.827910,13.440619
1530000.000000,-0.715158,0.490396,0.538188,0.476120,0.530989,0.435288,0.549437,-0.222054,0.266606,-0.165905,0.973517,0.478636,3.696831
1540000.000000,-0.715531,0.492864,0.539640,0.476585,0.531556,0.436095,0.547847,-0.263695,0.494261,-0.226398,-4.115431,22.707140,-5.997310
1550000.000000,-0.715947,0.495695,0.541279,0.476597,0.533420,0.437878,0.544577,-0.304363,0.720749,-0.285851,-2.044778,6.506711,-0.204252
1560000.000000,-0.716364,0.498526,0.542918,0.476609,0.535283,0.439662,0.541307,-0.304591,0.624396,-0.230483,-0.049410,-9.632838,5.524392
1570000.000000,-0.716779,0.500988,0.544167,0.476735,0.536365,0.441274,0.538799,-0.305351,0.528092,-0.175363,2.687439,-13.010762,5.465105
1580000.000000,-0.717193,0.503450,0.545415,0.476861,0.537446,0.442885,0.536291,-0.250842,0.364180,-0.121181,5.437518,-16.409369,5.405858
1590000.000000,-0.717375,0.504696,0.545901,0.477126,0.537664,0.443708,0.535154,-0.196600,0.199905,-0.067246,4.720874,-16.705975,7.713240
1600000.000000,-0.717558,0.505942,0.546387,0.477391,0.537876,0.444529,0.534023,-0.156424,0.030061,0.033084,4.013008,-16.938817,9.995063
1610000.000000,-0.717975,0.506934,0.546998,0.477658,0.536932,0.444864,0.534454,-0.116340,-0.138872,0.132655,3.078394,-6.275208,2.946124
1620000.000000,-0.718391,0.507925,0.547607,0.477924,0.535988,0.445200,0.534885,-0.094856,-0.095443,0.092007,2.147850,4.341142,-4.042887
1630000.000000,-0.718581,0.508255,0.547710,0.478100,0.535558,0.445410,0.534984,-0.073383,-0.052049,0.051798,2.406081,3.507526,1.568503
1640000.000000,-0.718771,0.508585,0.547813,0.478272,0.535128,0.445621,0.535085,-0.046735,-0.025293,0.123377,2.658961,2.685973,7.155854
1650000.000000,-0.719139,0.508628,0.548075,0.477802,0.534649,0.446199,0.535501,-0.020204,0.001671,0.194915,1.427342,5.381525,6.587584
1660000.000000,-0.719509,0.508669,0.548335,0.477329,0.534171,0.446779,0.535917,-0.018188,0.082338,0.255128,0.188728,8.047505,6.003031
1670000.000000,-0.719958,0.508312,0.548489,0.476164,0.533862,0.448052,0.536196,-0.016429,0.162621,0.314975,0.240929,1.529455,-1.896473
1680000.000000,-0.720407,0.507954,0.548643,0.474999,0.533553,0.449323,0.536475,-0.013369,0.112927,0.217199,0.316014,-4.971168,-9.763706
1690000.000000,-0.720625,0.507469,0.548497,0.474563,0.533430,0.449819,0.536567,-0.010109,0.063197,0.119701,-0.222159,-5.106632,-0.516758
1700000.000000,-0.720845,0.506984,0.548352,0.474127,0.533306,0.450316,0.536660,-0.017813,0.010794,0.206864,-0.764509,-5.233696,8.704116
1710000.000000,-0.721160,0.506325,0.548219,0.473498,0.532472,0.451068,0.537409,-0.025399,-0.041477,0.293784,-0.124105,-1.935933,-0.189297
1720000.000000,-0.721476,0.505667,0.548086,0.472870,0.531638,0.451820,0.538158,-0.020295,-0.027924,0.203078,0.505399,1.344693,-9.069133
1730000.000000,-0.721615,0.505018,0.547782,0.472640,0.531309,0.452126,0.538427,-0.015291,-0.014583,0.112401,-0.279290,-1.383095,-5.298898
1740000.000000,-0.721753,0.504369,0.547477,0.472412,0.530979,0.452431,0.538697,-0.025880,-0.055586,0.097100,-1.055843,-4.095858,-1.532985
1750000.000000,-0.721874,0.503738,0.547181,0.472506,0.530448,0.452518,0.539064,-0.036408,-0.096500,0.081741,-0.685731,-3.073736,-2.034123
1760000.000000,-0.721993,0.503107,0.546885,0.472601,0.529917,0.452605,0.539431,-0.039595,-0.117061,0.056417,-0.318414,-2.049621,-2.528340
1770000.000000,-0.722024,0.502398,0.546429,0.472942,0.529374,0.452478,0.539772,-0.042776,-0.137492,0.031174,0.249486,1.120875,-1.718145
1780000.000000,-0.722055,0.501690,0.545973,0.473282,0.528831,0.452350,0.540112,-0.034605,-0.094644,0.022054,0.818189,4.294684,-0.906075
1790000.000000,-0.722020,0.501047,0.545496,0.473434,0.528599,0.452333,0.540220,-0.026413,-0.051599,0.013053,1.018037,5.263288,0.579964
1800000.000000,-0.721985,0.500404,0.545020,0.473584,0.528368,0.452318,0.540327,-0.014245,0.010622,0.033654,1.213211,6.207319,2.054771
1810000.000000,-0.721858,0.499619,0.544607,0.473279,0.528437,0.452639,0.540259,-0.002148,0.072548,0.054148,0.634220,1.989346,0.192529
1820000.000000,-0.721732,0.498835,0.544193,0.472974,0.528505,0.452959,0.540191,-0.001560,0.050409,0.037504,0.050618,-2.217256,-1.657656
1830000.000000,-0.721602,0.498167,0.543766,0.472856,0.528532,0.453084,0.540163,-0.001136,0.028203,0.020995,-2.197840,-2.422542,0.487583
1840000.000000,-0.721471,0.497499,0.543337,0.472739,0.528557,0.453209,0.540136,-0.045517,0.001958,0.047256,-4.430338,-2.617953,2.619845
1850000.000000,-0.721164,0.496762,0.542521,0.472833,0.528113,0.453588,0.540169,-0.089743,-0.024156,0.073392,-4.379398,-1.853576,0.870573
1860000.000000,-0.720857,0.496024,0.541704,0.472926,0.527669,0.453968,0.540203,-0.133105,-0.035113,0.064667,-4.327587,-1.091490,-0.877282
1870000.000000,-0.720569,0.495325,0.540766,0.473345,0.527000,0.454482,0.540056,-0.176295,-0.045986,0.055846,-0.572467,0.157067,-1.329405
1880000.000000,-0.720281,0.494627,0.539828,0.473763,0.526333,0.454996,0.539909,-0.144554,-0.031972,0.038079,3.163882,1.395004,-1.776842
1890000.000000,-0.720060,0.494054,0.539105,0.474046,0.525970,0.455312,0.539747,-0.113017,-0.018086,0.020310,-0.156491,-0.253291,-3.971599
1900000.000000,-0.719840,0.493481,0.538382,0.474330,0.525607,0.455627,0.539585,-0.147684,-0.037038,-0.041353,-3.458416,-1.895247,-6.156319
1910000.000000,-0.719480,0.492910,0.537451,0.475214,0.525257,0.455715,0.539073,-0.182185,-0.055991,-0.102817,-0.088636,-0.100127,-1.489777
1920000.000000,-0.719121,0.492339,0.536521,0.476096,0.524908,0.455803,0.538561,-0.149457,-0.039040,-0.071148,3.265676,1.691509,3.158721
1930000.000000,-0.718860,0.491863,0.535819,0.476560,0.524660,0.455961,0.538258,-0.116872,-0.022161,-0.039642,0.565978,-1.594836,-0.778209
1940000.000000,-0.718598,0.491387,0.535117,0.477024,0.524412,0.456119,0.537955,-0.138137,-0.070937,-0.086712,-2.127913,-4.874334,-4.703947
1950000.000000,-0.718204,0.490897,0.534216,0.478074,0.524014,0.455911,0.537586,-0.159430,-0.119648,-0.133721,-0.444090,0.319995,0.294609
1960000.000000,-0.717810,0.490407,0.533316,0.479124,0.523616,0.455703,0.537216,-0.147019,-0.064537,-0.080820,1.245573,5.511680,5.291297
1970000.000000,-0.717526,0.489774,0.532343,0.479572,0.523332,0.455969,0.536867,-0.134519,-0.009414,-0.027895,1.837690,2.898686,3.077897
1980000.000000,-0.717242,0.489142,0.531371,0.480020,0.523048,0.456234,0.536518,-0.110265,-0.006563,-0.019262,2.424398,0.286191,0.866196
1990000.000000,-0.717035,0.488645,0.530662,0.480282,0.522856,0.456428,0.536306,-0.086031,-0.003690,-0.010571,1.469840,0.480600,2.230055
2000000.000000,-0.716829,0.488147,0.529953,0.480544,0.522663,0.456623,0.536094,-0.080869,0.003049,0.025339,0.516710,0.674448,3.586642
2010000.000000,-0.716665,0.487698,0.529278,0.480555,0.522368,0.457009,0.536042,-0.075696,0.009799,0.061161,0.951089,0.198101,0.851186
2020000.000000,-0.716501,0.487248,0.528602,0.480567,0.522072,0.457395,0.535991,-0.061847,0.007011,0.042363,1.380157,-0.289425,-1.874375
2030000.000000,-0.716374,0.486879,0.528094,0.480619,0.521914,0.457595,0.535927,-0.048093,0.004010,0.023674,-0.256492,-2.594473,0.088404
2040000.000000,-0.716249,0.486509,0.527586,0.480672,0.521754,0.457796,0.535863,-0.066977,-0.044879,0.044131,-1.883809,-4.876749,2.044776
2050000.000000,-0.716340,0.486019,0.526975,0.480937,0.521150,0.457968,0.536066,-0.085770,-0.093525,0.064569,-1.676426,-1.474426,5.590962
2060000.000000,-0.716431,0.485529,0.526364,0.481202,0.520545,0.458142,0.536269,-0.100505,-0.074367,0.155950,-1.469847,1.921154,9.129650
2070000.000000,-0.716646,0.484974,0.525866,0.480964,0.519553,0.458961,0.536742,-0.115166,-0.055102,0.247162,0.326778,1.840533,0.735807
2080000.000000,-0.716860,0.484419,0.525369,0.480726,0.518561,0.459779,0.537215,-0.093970,-0.037557,0.170666,2.116367,1.747203,-7.646296
2090000.000000,-0.716978,0.483999,0.524992,0.480708,0.518115,0.460171,0.537326,-0.072839,-0.020158,0.094237,1.465754,0.087436,-4.795014
2100000.000000,-0.717097,0.483580,0.524615,0.480690,0.517669,0.460562,0.537437,-0.064654,-0.035808,0.074766,0.819058,-1.563420,-1.947606
2110000.000000,-0.717164,0.483265,0.524328,0.480806,0.517267,0.460733,0.537573,-0.056458,-0.051426,0.055284,0.927133,0.022970,-1.824288
2120000.000000,-0.717232,0.482950,0.524041,0.480922,0.516866,0.460904,0.537709,-0.046112,-0.035349,0.038280,1.035221,1.611161,-1.712380
2130000.000000,-0.717257,0.482692,0.523806,0.481001,0.516679,0.461009,0.537728,-0.035754,-0.019203,0.021037,1.066998,2.203253,-4.450572
2140000.000000,-0.717283,0.482434,0.523572,0.481082,0.516494,0.461113,0.537745,-0.024772,0.008717,-0.050731,1.097171,2.787107,-7.163416
2150000.000000,-0.717240,0.482124,0.523377,0.481362,0.516840,0.460922,0.537324,-0.013810,0.036539,-0.122231,0.741631,3.179078,-4.877079
2160000.000000,-0.717197,0.481813,0.523183,0.481642,0.517187,0.460731,0.536904,-0.009939,0.072298,-0.148273,0.390540,3.574784,-2.603212
2170000.000000,-0.717069,0.481623,0.523251,0.481876,0.517864,0.460556,0.536190,-0.005999,0.108035,-0.174296,0.245540,0.104896,1.391446
2180000.000000,-0.716941,0.481432,0.523319,0.482110,0.518540,0.460381,0.535477,-0.005028,0.074396,-0.120444,0.093381,-3.365596,5.389384
2190000.000000,-0.716845,0.481264,0.523320,0.482205,0.518793,0.460318,0.535201,-0.004132,0.040723,-0.066508,0.363409,-2.046119,4.797374
2200000.000000,-0.716749,0.481096,0.523321,0.482300,0.519044,0.460255,0.534926,0.002240,0.033474,-0.024497,0.636033,-0.723042,4.196704
2210000.000000,-0.716779,0.480914,0.523509,0.482170,0.519095,0.460340,0.534919,0.008589,0.026262,0.017426,0.455499,-0.559846,2.053476
2220000.000000,-0.716808,0.480732,0.523698,0.482041,0.519146,0.460426,0.534913,0.011350,0.022277,0.016573,0.282030,-0.408939,-0.078646
2230000.000000,-0.716812,0.480559,0.523774,0.481920,0.519193,0.460473,0.534936,0.014230,0.018084,0.015853,0.633231,-1.346482,1.817622
2240000.000000,-0.716814,0.480386,0.523848,0.481799,0.519238,0.460519,0.534961,0.024014,-0.004653,0.052925,0.973246,-2.263984,3.700843
2250000.000000,-0.716748,0.480277,0.524000,0.481534,0.519040,0.460597,0.535326,0.033695,-0.027196,0.089870,-0.493973,-0.477343,-0.632560
2260000.000000,-0.716683,0.480167,0.524152,0.481268,0.518841,0.460674,0.535690,0.014135,-0.014200,0.040274,-1.968371,1.308275,-4.989620
2270000.000000,-0.716666,0.479978,0.524286,0.481310,0.518846,0.460662,0.535658,-0.005673,-0.001031,-0.009922,-0.961835,0.665047,-2.391888
2280000.000000,-0.716650,0.479789,0.524420,0.481356,0.518854,0.460648,0.535622,-0.005102,-0.000899,-0.007564,0.068906,0.005299,0.265690
2290000.000000,-0.716629,0.479638,0.524472,0.481381,0.518852,0.460646,0.535603,-0.004295,-0.000925,-0.004609,0.610511,-2.047239,-2.566407
2300000.000000,-0.716608,0.479486,0.524523,0.481407,0.518850,0.460643,0.535584,0.007108,-0.041844,-0.058892,1.139660,-4.097391,-5.435916
2310000.000000,-0.716529,0.479380,0.524491,0.481852,0.518933,0.460100,0.535569,0.018498,-0.082872,-0.113327,0.552359,-0.703205,-0.879756
2320000.000000,-0.716450,0.479274,0.524459,0.482299,0.519016,0.459556,0.535554,0.018156,-0.055908,-0.076487,-0.034165,2.702321,3.691867
2330000.000000,-0.716387,0.479170,0.524402,0.482425,0.519073,0.459337,0.535574,0.017815,-0.028826,-0.039490,-0.034047,2.708166,3.699725
